CCODE,Country,EVI,Exposure index,Population,Remoteness,Share of population in low elevated coastal zones ,Economic structure index,Export concentration,Shares of agriculture and forestry and fisheries,Shock index,Natural Shock index,Victims of natural disasters (%),Agricultural instability,Export instability,HAI,Health index,Prevalence of undernourishment  in total population (%),Under 5 mortality (per 1000),Maternal mortality (per 100 000 live birth),Education index,Literacy rate,Gross secondary enrolment ratio,GNI per capita ($)
AFG,Afghanistan,39.3,25.2,34656032.00,4057.72,0.00,32.50,0.32,23.89,53.41,54.37,1.69,7.45,20.74,48.37,66.89,23.00,70.40,396.14,29.85,31.74,55.64,632.65
DZA,Algeria,14.7,12.0,40606052.00,2325.02,0.76,31.90,0.49,11.83,17.33,34.66,0.07,7.88,4.15,88.26,93.17,4.60,25.20,139.62,83.35,75.14,99.86,4901.56
AGO,Angola,36.8,35.2,28813463.00,6335.08,1.44,55.43,0.93,8.62,38.29,50.57,0.68,8.27,12.80,52.52,67.19,14.00,82.50,476.98,37.85,66.03,28.90,4476.88
ATG,Antigua and Barbuda,38.6,53.1,100963.00,5320.91,11.83,27.65,0.56,1.84,24.02,47.88,2.15,4.46,5.05,92.87,86.45,26.70,8.50,58.58,99.30,98.95,102.71,12903.16
ARG,Argentina,24.3,30.1,43847430.00,9484.87,3.03,10.69,0.19,7.20,18.57,35.41,0.22,5.37,5.52,98.59,98.46,3.60,11.10,52.39,98.73,98.09,106.78,13156.53
ARM,Armenia,31.2,27.3,2924816.00,2929.50,0.00,23.87,0.25,18.72,35.15,45.52,0.65,6.49,12.43,96.09,98.75,4.40,13.40,25.33,93.44,99.74,88.50,3988.37
AZE,Azerbaijan,31.2,29.3,9725376.00,3190.68,0.00,44.74,0.79,6.15,33.20,38.62,0.57,4.28,13.33,97.54,95.22,2.50,30.90,25.07,99.86,99.79,100.30,6447.23
BHS,Bahamas,39.1,54.5,391232.00,5275.14,20.28,24.32,0.51,0.94,23.81,47.62,0.54,7.70,4.08,93.99,95.01,10.00,10.60,80.01,92.97,95.60,92.63,29563.46
BHR,Bahrain,34.9,52.3,1425171.00,3949.64,34.28,14.10,0.34,0.32,17.55,28.65,0.00,12.10,6.93,98.04,99.72,5.00,7.60,15.18,96.37,94.56,102.13,22778.52
BGD,Bangladesh,25.2,22.8,162951560.00,4204.77,8.92,30.22,0.41,15.39,27.60,48.24,3.97,3.09,7.09,73.15,84.73,15.10,34.20,176.14,61.57,72.76,63.52,1274.08
BRB,Barbados,27.8,37.6,284996.00,5560.63,0.71,4.64,0.17,1.54,17.91,27.68,0.10,4.51,7.44,99.36,98.92,4.40,12.30,27.16,99.80,99.70,109.25,15206.54
BLZ,Belize,43.9,57.3,366954.00,6411.54,20.53,21.46,0.29,13.43,30.53,57.45,4.50,6.20,6.08,87.78,97.71,6.20,14.90,27.70,77.85,82.78,80.79,4437.98
BEN,Benin,34.3,36.7,10872298.00,4984.88,11.85,32.19,0.33,22.88,31.94,44.79,1.07,5.00,10.73,49.75,68.20,10.30,97.60,404.94,31.31,32.95,56.81,882.04
BTN,Bhutan,36.3,39.0,797765.00,4069.51,0.00,29.60,0.37,17.50,33.47,41.62,0.15,8.69,12.60,72.87,83.16,20.00,32.40,147.89,62.58,57.03,84.20,2400.78
BOL,Bolivia (Plurinational State of),32.5,40.0,10887882.00,8213.58,0.00,28.08,0.41,12.62,24.99,41.22,2.11,2.04,7.63,83.96,80.51,20.20,36.90,206.21,87.42,92.46,86.41,2980.90
BWA,Botswana,45.5,49.6,2250260.00,7922.20,0.00,44.47,0.84,2.31,41.37,47.39,0.44,8.15,15.60,78.99,78.69,26.00,40.60,128.95,79.29,88.22,76.86,6845.21
BRA,Brazil,21.5,23.0,207652865.00,8259.86,2.56,5.39,0.13,5.02,19.90,39.79,1.31,2.67,4.61,96.09,97.89,2.50,15.10,43.67,94.29,91.73,99.65,10319.36
BRN,Brunei Darussalam,30.8,43.4,423196.00,5518.25,1.61,31.78,0.64,1.04,18.12,32.90,0.00,13.67,6.00,97.36,99.51,2.50,9.90,22.61,95.21,96.09,96.08,38145.48
BFA,Burkina Faso,38.2,36.0,18646433.00,4538.07,0.00,58.96,0.65,32.58,40.46,56.39,2.21,7.54,12.36,42.92,66.29,20.20,84.60,370.62,19.55,34.60,33.67,643.36
BDI,Burundi,44.5,41.1,10524117.00,5892.86,0.00,53.39,0.47,38.14,48.00,56.53,2.22,7.58,16.84,38.46,34.49,67.30,71.70,711.60,42.42,61.57,42.48,261.32
CPV,Cabo Verde,35.9,40.6,539560.00,4904.70,5.64,20.47,0.33,9.40,31.16,45.84,0.48,7.37,9.95,89.54,91.82,13.70,21.40,42.35,87.25,86.79,92.90,3161.31
KHM,Cambodia,34.8,32.2,15762370.00,4819.20,7.19,35.43,0.31,28.40,37.30,61.10,5.69,6.98,9.05,68.93,85.78,15.30,30.60,160.54,52.07,73.90,45.05,1074.67
CMR,Cameroon,19.1,25.7,23439189.00,5121.90,0.46,30.65,0.40,15.99,12.47,24.94,0.09,3.68,4.57,62.69,67.81,7.90,79.70,596.44,57.57,71.29,58.08,1464.28
CAF,Central African Republic,33.6,40.2,4594621.00,5051.55,0.00,46.92,0.46,31.36,26.96,31.17,0.22,3.81,11.82,17.37,22.81,58.60,123.60,882.07,11.93,36.75,17.38,370.05
TCD,Chad,52.4,37.8,14452543.00,4316.35,0.00,65.51,0.82,28.50,67.02,64.95,2.98,9.98,25.73,22.09,37.28,32.50,127.30,856.25,6.89,22.31,22.40,920.57
CHL,Chile,26.6,33.3,17909754.00,9726.39,0.37,15.79,0.32,4.30,19.87,39.74,1.50,2.32,3.20,98.52,99.52,3.70,8.30,22.11,97.51,96.27,100.65,14335.61
CHN,China,21.8,13.9,1403500365.00,3848.30,6.55,7.07,0.10,9.11,29.75,54.11,7.95,3.58,6.62,95.21,96.84,9.60,9.90,26.69,93.58,95.12,94.30,7823.72
COL,Colombia,22.4,25.3,48653419.00,6726.27,1.22,20.34,0.36,6.64,19.44,38.88,1.31,2.33,3.66,95.61,96.11,7.10,15.30,64.33,95.10,94.25,98.09,7123.79
COM,Comoros,52.4,62.3,795601.00,6859.08,13.24,69.74,0.68,42.98,42.44,44.44,2.92,2.44,17.13,49.39,54.67,47.00,73.30,335.23,44.10,49.20,60.35,1595.01
COG,Congo,31.8,35.9,5125821.00,5886.59,0.48,39.00,0.67,7.35,27.70,37.05,0.23,5.90,10.50,63.48,66.01,28.20,54.10,442.00,60.95,79.31,54.54,2179.70
CRI,Costa Rica,25.2,32.4,4857274.00,6719.91,0.36,16.02,0.31,5.50,18.00,36.01,0.72,2.72,3.70,98.69,99.10,5.60,8.80,25.15,98.27,97.41,123.09,10543.93
CIV,Côte D'Ivoire,16.7,29.3,23695919.00,5226.59,3.76,34.54,0.38,22.08,4.16,4.88,0.00,3.31,6.03,45.63,59.85,15.40,91.80,644.99,31.42,43.91,43.87,1483.28
CUB,Cuba,32.7,26.7,11475982.00,5650.54,2.91,10.22,0.23,3.91,38.79,62.38,5.17,7.68,9.56,99.44,99.05,2.50,5.50,39.16,99.84,99.75,100.40,7065.38
CYP,Cyprus,14.1,24.7,1170125.00,2687.03,5.64,7.49,0.21,2.09,3.47,6.95,0.00,4.07,3.13,99.47,99.95,4.70,2.60,6.93,99.00,98.68,99.78,25751.66
PRK,Democratic People's Republic of Korea,31.5,26.3,25368620.00,4273.76,5.13,32.60,0.36,21.73,36.70,56.96,5.05,5.74,9.93,86.13,75.93,40.80,20.00,82.46,96.33,100.00,93.40,668.22
COD,Democratic Republic of the Congo,27.2,25.1,78736153.00,5893.09,0.04,38.88,0.49,20.08,29.42,19.37,0.06,2.53,16.84,41.87,30.44,69.00,94.30,693.35,53.31,77.04,43.51,480.54
DJI,Djibouti,36.3,40.2,942333.00,4831.86,12.35,9.24,0.22,3.28,32.42,61.52,5.80,7.09,6.00,58.03,78.46,12.80,64.20,229.18,37.59,49.50,48.27,1893.74
DMA,Dominica,40.8,50.0,73543.00,5441.90,5.80,31.04,0.41,16.28,31.58,51.71,2.56,5.45,8.43,92.67,93.34,5.80,34.00,53.90,92.00,88.00,100.49,6546.95
DOM,Dominican Republic,23.8,25.1,10648791.00,5454.59,1.23,9.86,0.20,5.76,22.57,43.74,1.68,3.52,5.42,85.50,88.67,13.50,30.70,92.08,82.34,91.99,77.82,6256.01
ECU,Ecuador,28.2,34.8,16385068.00,7279.86,5.19,25.43,0.41,9.73,21.54,43.07,0.87,4.87,4.71,94.22,92.21,12.10,20.90,63.78,96.23,94.35,107.22,5992.86
EGY,Egypt,17.9,21.7,95688681.00,2952.68,21.52,11.99,0.15,11.43,14.12,5.00,0.00,3.35,11.97,86.14,96.63,4.50,22.80,33.04,75.65,75.06,86.10,3340.31
SLV,El Salvador,28.1,31.2,6344722.00,6701.29,0.50,14.94,0.21,10.71,25.07,48.19,2.80,3.93,5.59,87.06,93.57,12.30,15.00,54.08,80.55,87.97,79.43,3851.14
GNQ,Equatorial Guinea,27.8,41.8,1221490.00,5150.85,5.42,35.17,0.68,1.94,13.87,0.00,0.00,1.47,13.32,58.45,60.38,30.00,90.90,341.59,56.52,95.20,27.50,9665.44
ERI,Eritrea,54.7,29.5,4954645.00,4366.85,0.77,31.56,0.40,17.24,79.89,70.85,5.50,10.67,31.68,42.89,47.93,61.30,44.50,500.63,37.86,64.66,30.55,861.73
ETH,Ethiopia,32.1,27.2,102403196.00,4923.47,0.00,44.15,0.30,39.01,36.99,49.49,3.22,4.07,12.35,45.31,67.30,28.80,58.40,352.70,23.32,39.00,35.17,644.27
FJI,Fiji,39.9,48.7,898760.00,9939.57,4.89,16.95,0.23,12.23,31.04,58.32,4.73,6.40,6.13,92.95,96.87,4.60,22.00,30.26,89.04,93.00,88.67,4779.34
GAB,Gabon,32.8,42.5,1979786.00,5465.32,4.94,42.79,0.78,4.18,23.05,35.73,0.23,5.35,8.11,72.75,83.36,7.00,47.40,290.69,62.13,82.28,53.10,8000.57
GMB,Gambia,72.2,51.0,2038501.00,4886.98,23.53,31.42,0.35,20.45,93.32,86.63,1.71,19.35,60.88,51.83,66.00,10.90,65.30,706.02,37.66,41.95,57.45,449.07
GEO,Georgia,26.9,20.5,3925405.00,2892.23,2.76,12.76,0.20,9.06,33.33,58.78,0.96,10.44,7.36,98.80,97.88,7.00,10.70,36.06,99.72,99.59,103.68,3894.09
GHA,Ghana,33.7,27.7,28206728.00,5115.52,2.62,35.57,0.43,20.24,39.74,29.50,0.27,2.69,19.99,69.94,79.92,7.60,58.80,319.48,59.95,71.50,62.11,1480.87
GRD,Grenada,44.4,42.9,107317.00,5689.32,1.89,10.91,0.19,7.69,45.89,67.13,2.93,10.82,12.39,92.17,86.79,25.50,16.00,26.70,97.54,97.00,99.18,8553.18
GTM,Guatemala,24.2,26.1,16582469.00,6701.89,0.21,10.43,0.14,10.83,22.20,44.39,2.63,2.68,3.42,78.24,88.06,15.60,28.50,87.87,68.43,81.29,65.63,3616.76
GIN,Guinea,30.2,33.8,12395924.00,5203.73,6.05,36.45,0.45,19.88,26.50,24.69,0.20,1.61,13.49,39.49,58.30,17.50,89.00,678.99,20.68,32.00,38.82,678.26
GNB,Guinea-Bissau,52.4,58.5,1815698.00,5001.30,15.26,81.97,0.87,43.97,46.23,35.76,0.69,2.72,22.01,41.72,56.10,28.30,88.10,549.10,27.33,45.58,34.50,595.15
GUY,Guyana,50.7,61.7,773303.00,6008.23,27.87,33.47,0.44,17.13,39.69,63.26,8.02,6.94,9.83,85.90,87.29,8.50,32.40,228.76,84.50,85.64,89.34,4159.07
HTI,Haiti,30.6,32.6,10847334.00,5543.28,1.87,37.43,0.51,16.90,28.48,52.48,5.96,3.68,6.34,47.97,55.38,46.80,67.00,359.32,40.57,61.00,39.82,814.29
HND,Honduras,29.5,30.1,9112867.00,6564.09,0.90,16.45,0.21,12.80,28.92,52.99,3.56,5.12,6.46,82.88,89.33,14.80,18.70,129.31,76.42,88.99,70.78,2093.41
IND,India,22.9,14.7,1324171354.00,4147.23,2.66,16.31,0.14,17.61,31.04,50.85,4.82,3.59,8.37,74.20,83.33,14.50,43.00,174.33,65.07,69.30,73.97,1590.70
IDN,Indonesia,24.2,23.6,261115456.00,6123.63,7.37,13.19,0.14,13.85,24.92,31.15,0.34,2.77,10.60,90.37,91.70,7.90,26.40,126.19,89.05,95.38,85.84,3639.73
IRN,Iran (Islamic Republic of),24.7,16.1,80277428.00,3461.10,1.27,34.48,0.56,10.05,33.35,47.87,3.08,3.58,10.65,90.96,98.13,5.50,15.10,25.17,83.79,84.71,89.17,5812.57
IRQ,Iraq,26.3,25.8,37202572.00,3235.41,5.81,52.80,0.96,4.31,26.68,28.92,0.02,8.57,12.33,59.20,81.81,27.80,31.20,49.60,36.60,43.68,53.46,5426.91
ISR,Israel,20.1,16.3,8191828.00,2921.17,1.57,10.35,0.27,1.30,23.86,40.55,1.33,2.91,7.15,99.25,99.99,2.50,3.60,5.24,98.51,97.76,102.48,37420.16
JAM,Jamaica,30.5,37.2,2881355.00,5765.96,3.63,27.55,0.48,7.21,23.87,40.64,1.55,2.58,7.13,88.55,94.71,8.40,15.30,88.57,82.39,88.50,82.11,4747.33
JOR,Jordan,20.1,13.9,9455802.00,2971.26,0.00,6.13,0.16,3.86,26.38,43.35,0.33,7.37,7.82,92.92,96.99,4.20,17.60,57.70,88.84,97.89,82.45,3893.31
KAZ,Kazakhstan,27.5,26.9,17987736.00,3917.31,0.00,31.20,0.57,4.85,28.22,46.00,0.24,9.06,8.13,99.69,99.52,2.50,11.40,11.95,99.85,99.78,112.01,10633.50
KEN,Kenya,26.4,25.3,48461567.00,5835.37,0.41,31.80,0.19,32.15,27.54,55.08,7.21,4.18,4.25,67.01,70.17,19.10,49.20,509.52,63.84,78.73,60.43,1316.05
KIR,Kiribati,73.7,86.8,114395.00,8727.92,95.22,64.31,0.87,23.36,60.55,82.57,5.14,15.17,16.56,83.97,88.69,3.30,54.30,89.79,79.25,79.59,87.14,2986.23
KWT,Kuwait,26.7,39.3,4052584.00,3628.74,17.40,31.94,0.64,0.48,14.04,14.78,0.00,6.97,8.99,97.17,100.00,2.50,8.40,4.12,94.33,95.69,94.97,41537.45
KGZ,Kyrgyzstan,31.3,30.7,5955734.00,3903.03,0.00,29.70,0.40,15.43,31.95,45.94,1.94,3.99,10.38,95.05,95.01,6.40,21.10,75.51,95.08,99.24,92.05,1201.55
LAO,Lao People’s Democratic Republic,33.7,30.5,6758353.00,4440.94,0.00,22.71,0.22,19.60,36.77,49.54,2.14,5.09,12.20,72.77,77.02,17.10,63.90,197.40,68.52,84.70,61.70,1996.16
LBN,Lebanon,21.1,17.0,6006668.00,2838.27,4.13,2.92,0.11,3.68,25.14,43.36,0.88,4.96,7.08,86.04,99.50,5.40,8.10,14.93,72.57,91.18,61.21,8131.36
LSO,Lesotho,42.0,43.0,2203821.00,8330.26,0.00,14.44,0.28,5.67,41.08,60.25,6.53,6.33,11.58,61.57,64.40,14.50,93.50,487.17,58.74,76.64,53.77,1296.45
LBR,Liberia,53.2,46.2,4613823.00,5338.59,6.38,68.10,0.41,71.45,60.21,33.10,0.08,7.11,31.20,37.23,47.33,42.80,67.40,724.51,27.13,42.94,37.30,430.67
LBY,Libya,37.6,23.4,6293253.00,2504.33,6.17,31.19,0.63,0.90,51.83,3.65,0.00,2.85,42.82,96.78,99.29,5.00,12.90,9.33,94.26,91.39,104.50,6046.90
MDG,Madagascar,37.8,34.6,24894551.00,7532.46,1.66,38.84,0.29,33.82,41.08,44.34,2.19,3.10,16.35,54.53,62.22,42.30,46.40,352.86,46.85,71.57,38.43,485.87
MWI,Malawi,47.1,39.1,18091575.00,6987.03,0.00,42.74,0.46,26.37,55.15,72.89,6.78,10.91,16.23,52.52,61.73,25.90,55.10,634.12,43.32,62.14,43.40,331.44
MYS,Malaysia,21.4,23.6,31187265.00,5325.40,5.10,10.96,0.17,8.82,19.27,35.36,0.52,3.30,5.95,90.99,99.03,2.50,8.30,39.81,82.95,93.12,77.57,10431.65
MDV,Maldives,50.9,70.4,427756.00,5567.25,100.00,43.96,0.77,6.41,31.29,49.72,0.46,8.87,8.86,91.45,96.31,8.50,8.50,67.68,86.59,98.61,77.53,9199.56
MLI,Mali,36.8,39.7,17994837.00,4695.18,0.00,71.02,0.75,39.68,33.85,50.02,1.82,5.66,10.30,43.11,63.44,4.00,110.60,587.08,22.77,33.07,41.31,800.59
MHL,Marshall Islands,66.1,82.2,53066.00,8338.02,98.10,48.81,0.72,15.77,50.02,91.33,2.67,48.02,7.61,88.19,90.54,9.00,35.40,80.60,85.85,98.27,76.61,4661.03
MRT,Mauritania,39.9,45.0,4301018.00,4473.37,19.12,37.15,0.39,24.80,34.86,46.85,4.25,2.42,11.86,46.94,68.77,5.30,81.40,601.59,25.11,45.50,30.60,1229.63
MUS,Mauritius,24.2,38.7,1262132.00,7670.69,1.41,8.68,0.21,3.57,9.69,17.72,0.01,6.62,5.50,95.27,97.79,5.20,13.70,53.36,92.75,92.71,95.70,9808.01
MEX,Mexico,17.6,18.8,127540423.00,6848.65,1.58,3.55,0.13,3.43,16.29,32.57,0.64,1.75,4.99,94.61,98.15,4.20,14.60,37.85,91.06,94.47,90.55,9882.38
FSM,Micronesia (Federated States of),58.6,78.8,104937.00,7830.68,27.29,61.11,0.76,27.02,38.43,63.51,8.18,6.99,9.00,87.47,89.32,11.00,33.30,99.57,85.61,92.40,83.22,3508.39
MNG,Mongolia,39.0,33.9,3027398.00,3921.27,0.00,32.07,0.46,14.19,44.13,74.38,8.25,10.99,9.17,91.65,89.21,19.60,17.90,43.95,94.09,98.26,91.46,3892.40
MAR,Morocco,16.3,11.3,35276786.00,2851.12,1.38,14.64,0.17,13.63,21.34,42.68,0.20,8.36,3.32,77.87,93.30,3.50,27.10,121.32,62.43,69.43,69.06,3058.23
MOZ,Mozambique,36.7,35.6,28829476.00,8047.13,5.25,30.73,0.29,24.39,37.80,58.51,3.35,7.31,10.13,45.82,62.11,26.60,71.30,489.11,29.52,50.58,32.43,564.12
MMR,Myanmar,31.7,29.5,52885223.00,4502.68,10.97,36.59,0.35,26.62,34.02,39.09,0.63,4.21,13.69,68.47,80.31,16.90,50.80,178.50,56.64,75.55,51.30,1254.93
NAM,Namibia,36.3,37.4,2479713.00,7673.00,1.09,15.13,0.27,6.77,35.24,70.13,6.36,10.05,5.10,72.54,72.42,28.80,45.20,264.74,72.65,88.27,64.84,5224.94
NRU,Nauru,58.3,78.9,11347.00,8670.22,41.98,32.88,0.63,3.16,37.71,0.00,0.00,0.98,27.62,88.30,88.58,16.00,34.60,17.10,88.02,96.50,82.64,11169.16
NPL,Nepal,28.4,25.1,28982771.00,4096.93,0.00,28.58,0.14,32.01,31.75,43.08,1.66,3.31,11.13,71.22,86.26,8.10,34.50,258.41,56.18,59.63,69.57,744.66
NIC,Nicaragua,28.9,33.1,6149928.00,6668.95,0.85,21.55,0.22,18.00,24.77,49.53,2.52,4.69,4.56,80.66,87.34,17.00,19.70,149.77,73.97,82.47,74.19,1967.00
NER,Niger,35.3,32.3,20672987.00,4349.74,0.00,48.50,0.37,39.81,38.17,65.50,7.15,8.05,8.25,35.37,64.78,11.30,91.30,553.50,5.97,15.46,20.75,393.13
NGA,Nigeria,34.2,27.2,185989640.00,4964.52,2.67,54.88,0.75,20.77,41.14,35.65,0.29,4.78,18.99,49.77,56.77,7.90,104.30,813.98,42.78,51.08,55.70,2769.64
OMN,Oman,27.1,32.6,4424762.00,4456.37,5.65,26.86,0.55,1.35,21.52,31.64,0.05,7.83,8.42,97.11,98.85,6.20,10.70,17.14,95.36,93.04,104.23,17132.74
PAK,Pakistan,21.9,15.7,193203476.00,4064.31,1.06,26.47,0.20,25.07,27.98,40.47,1.78,2.17,9.65,56.75,73.00,19.90,78.80,177.94,40.50,56.98,44.53,1502.17
PLW,Palau,76.0,75.2,21503.00,6308.38,38.21,38.66,0.72,3.55,76.82,53.65,0.30,11.38,36.31,96.57,97.78,0.00,15.90,41.99,95.37,96.59,95.75,11751.64
PAN,Panama,25.5,31.7,4034119.00,6577.96,3.01,4.08,0.14,2.82,19.33,27.61,0.24,2.27,8.32,88.15,93.82,9.30,16.40,94.49,82.48,94.09,75.56,11804.41
PNG,Papua New Guinea,36.4,36.7,8084991.00,8252.17,0.49,27.27,0.29,20.05,36.08,57.04,2.59,7.40,9.53,61.62,80.75,13.00,54.30,214.80,42.48,63.43,40.35,2732.50
PRY,Paraguay,42.5,42.7,6725308.00,8639.36,0.00,29.37,0.33,19.59,42.30,58.39,2.12,8.39,12.86,87.14,90.58,12.00,19.90,131.72,83.70,95.07,76.57,4259.70
PER,Peru,24.7,28.4,31773839.00,8197.13,0.92,14.53,0.25,7.61,21.01,42.02,1.80,2.72,4.28,94.65,95.55,7.90,15.30,68.36,93.75,94.17,95.74,6151.53
PHL,Philippines,25.1,20.5,103320222.00,5097.16,5.65,17.71,0.27,10.41,29.69,51.52,7.67,2.71,7.36,89.88,88.61,13.80,27.10,114.15,91.15,96.40,88.39,3525.05
QAT,Qatar,28.5,37.2,2569804.00,4050.93,12.83,22.48,0.48,0.15,19.75,22.77,0.00,9.93,10.02,96.69,99.79,5.00,8.50,12.63,93.59,97.75,91.17,75073.82
KOR,Republic of Korea,12.7,15.2,50791919.00,4343.81,3.04,3.82,0.15,2.27,10.29,20.34,0.08,2.22,5.07,98.93,99.83,2.50,3.40,11.01,98.02,97.97,98.88,27456.04
RWA,Rwanda,36.4,36.6,11917508.00,5764.44,0.00,38.80,0.33,30.86,36.16,50.64,1.21,6.88,11.50,54.97,66.23,41.10,38.50,290.20,43.71,68.33,36.69,706.93
KNA,Saint Kitts and Nevis,51.9,51.8,54821.00,5332.03,15.18,12.63,0.31,1.24,52.12,86.38,1.26,27.31,10.36,93.78,94.36,14.00,9.30,27.99,93.20,97.80,90.39,15372.87
LCA,Saint Lucia,41.7,45.1,178015.00,5525.79,1.61,25.22,0.50,2.79,38.24,76.49,6.58,12.32,4.55,89.88,91.47,17.00,13.30,47.82,88.28,94.80,85.14,7033.35
VCT,Saint Vincent and the Grenadines,40.5,50.3,109643.00,5592.21,8.87,21.80,0.37,7.74,30.63,53.81,2.30,6.48,7.23,94.83,97.00,6.00,16.60,44.75,92.67,89.00,106.44,6623.06
WSM,Samoa,39.7,64.1,195125.00,9567.26,17.78,20.87,0.33,9.63,15.19,30.38,0.49,1.58,4.06,94.10,97.23,3.20,17.30,51.29,90.96,98.97,84.96,4123.69
STP,Sao Tome and Principe,41.2,62.3,199910.00,5506.97,21.83,38.14,0.59,11.78,20.15,9.92,0.00,5.17,14.12,86.01,86.25,13.50,33.80,156.11,85.76,90.14,86.19,1684.02
SAU,Saudi Arabia,14.4,23.6,32275687.00,3883.01,5.20,31.74,0.62,2.52,5.26,7.41,0.01,4.10,5.93,97.76,99.23,4.40,12.90,11.61,96.28,94.43,108.29,23674.18
SEN,Senegal,33.4,30.6,15411614.00,4805.34,10.06,20.62,0.23,16.46,36.27,72.55,1.24,14.93,4.14,57.13,80.35,11.30,47.10,315.11,33.90,42.82,49.65,1004.07
SYC,Seychelles,45.2,57.4,94228.00,6428.58,13.92,26.54,0.53,2.43,32.93,51.11,1.16,7.16,9.43,90.60,95.45,8.60,14.30,65.33,85.75,93.95,81.60,13632.45
SLE,Sierra Leone,51.6,45.0,7396190.00,5227.85,3.79,79.47,0.63,57.87,58.09,37.69,0.04,10.58,28.55,27.40,31.37,30.90,113.50,1359.67,23.42,32.43,43.25,582.07
SGP,Singapore,30.5,33.8,5622455.00,5473.64,10.33,8.52,0.24,0.04,27.30,50.00,0.00,21.19,6.38,98.95,99.86,5.00,2.80,9.98,98.03,97.05,108.10,53503.53
SLB,Solomon Islands,51.9,63.0,599419.00,8945.31,12.88,51.95,0.61,26.87,40.80,45.12,1.36,4.55,15.95,74.79,88.82,13.90,25.80,114.00,60.75,84.10,48.44,1763.08
SOM,Somalia,34.7,43.8,14317996.00,5722.45,2.50,82.48,0.65,60.18,25.66,51.32,8.71,2.33,1.83,16.66,23.31,62.00,132.50,731.88,10.00,40.00,7.35,95.11
ZAF,South Africa,23.4,23.7,56015473.00,8751.29,0.16,2.39,0.12,2.40,23.08,46.15,1.86,4.17,4.85,92.58,89.56,4.60,43.30,138.05,95.59,94.37,98.82,6099.19
SSD,South ‎Sudan,55.6,36.0,12230730.00,5137.86,0.00,44.38,0.81,4.31,75.23,50.46,4.29,3.73,59.68,25.80,50.38,25.60,90.70,789.21,1.22,26.83,9.52,1302.68
LKA,Sri Lanka,25.0,23.8,20798492.00,5264.44,2.98,12.44,0.20,8.54,26.09,52.17,3.96,4.56,4.84,91.88,89.79,22.10,9.40,30.29,93.97,91.18,99.72,3773.36
SDN,Sudan,49.2,27.3,39578828.00,4179.80,0.30,58.63,0.65,32.04,71.17,43.78,1.55,3.73,34.57,53.04,68.89,25.60,65.10,310.85,37.18,53.52,42.70,1452.06
SUR,Suriname,51.1,67.6,558368.00,6014.42,56.19,31.60,0.51,9.89,34.54,44.86,0.31,8.04,12.27,88.47,92.18,7.90,20.00,155.16,84.77,92.87,81.14,8394.02
SWZ,Swaziland,36.2,44.6,1343098.00,8075.17,0.00,15.20,0.23,9.98,27.78,53.57,9.49,2.95,5.60,69.42,68.97,19.60,70.40,389.05,69.86,83.10,66.03,2764.37
SYR,Syrian Arab Republic,33.6,14.6,18430453.00,2890.35,0.13,20.68,0.17,20.60,52.50,54.06,0.42,10.70,20.28,79.77,96.18,6.00,17.50,67.62,63.36,86.30,50.49,1523.49
TJK,Tajikistan,35.9,30.7,8734951.00,3943.36,0.00,35.20,0.35,24.94,40.97,55.81,4.79,5.44,12.84,85.87,78.62,30.10,43.10,31.98,93.13,99.78,87.89,1309.00
THA,Thailand,23.7,21.1,68863514.00,4650.03,10.34,6.82,0.08,9.05,26.30,50.97,5.96,3.12,5.49,95.94,96.63,9.50,12.20,20.29,95.25,92.87,129.00,5706.39
TLS,Timor-Leste,56.8,43.2,1268671.00,6998.23,0.94,34.33,0.59,7.73,70.38,40.75,0.55,5.15,45.97,66.63,73.97,26.90,49.70,214.64,59.30,58.31,76.76,2655.93
TGO,Togo,28.3,31.9,7606374.00,5027.24,3.61,30.48,0.22,28.67,24.76,38.86,0.34,5.60,8.20,61.83,72.98,11.50,75.70,368.24,50.67,63.75,54.71,554.94
TON,Tonga,56.0,75.0,107122.00,10218.19,27.33,28.60,0.32,19.54,36.98,49.99,1.41,6.27,12.19,94.74,95.39,5.00,16.40,123.95,94.09,99.39,90.10,4245.65
TTO,Trinidad and Tobago,31.0,36.2,1364962.00,5791.86,2.91,14.22,0.34,0.37,25.72,18.97,0.01,7.47,14.74,93.97,96.67,4.80,18.50,62.72,91.26,98.97,85.51,17974.72
TUN,Tunisia,18.0,16.9,11403248.00,2201.24,8.52,9.89,0.14,9.87,19.19,38.39,0.02,12.76,4.55,88.58,97.68,5.00,13.60,62.02,79.47,79.04,88.20,3882.02
TUR,Turkey,10.8,3.5,79512426.00,2227.39,1.76,5.45,0.07,7.43,18.10,35.32,0.42,3.77,5.27,98.11,99.15,2.50,12.70,15.95,97.07,95.60,102.49,11945.68
TKM,Turkmenistan,36.1,34.8,5662544.00,3714.76,0.00,48.84,0.75,13.38,37.30,24.30,0.00,10.49,20.09,91.03,90.41,5.50,51.00,42.02,91.65,99.69,85.34,7047.45
TUV,Tuvalu,56.0,83.0,11097.00,9420.97,94.73,44.06,0.54,22.80,29.02,40.17,2.10,1.67,10.36,90.13,91.36,10.00,25.30,104.48,88.91,94.90,86.16,5387.60
UGA,Uganda,31.7,28.1,41487965.00,5589.38,0.00,25.80,0.18,26.05,35.39,39.77,0.87,3.66,14.30,50.24,62.99,39.00,53.00,343.13,37.49,70.20,23.24,661.28
ARE,United Arab Emirates,28.4,31.2,9269612.00,4229.30,14.78,9.91,0.27,0.73,25.70,44.29,0.00,17.89,7.13,87.98,99.97,3.80,7.70,6.10,76.00,94.00,64.00,42772.50
TZA,United Republic of Tanzania,27.9,27.5,55572201.00,6392.88,0.71,36.09,0.28,31.03,28.32,46.99,0.90,6.24,7.89,56.03,64.43,32.30,56.70,398.13,47.62,77.89,32.26,901.75
URY,Uruguay,31.7,41.0,3444006.00,9454.94,4.11,12.11,0.22,6.93,22.39,39.07,0.28,6.12,6.71,98.00,99.73,2.50,9.20,14.81,96.28,98.52,95.07,15772.05
UZB,Uzbekistan,23.0,23.7,31446795.00,3885.64,0.00,27.78,0.32,18.26,22.25,24.23,0.12,2.71,11.08,96.65,95.57,6.30,24.10,35.93,97.72,99.98,95.92,2247.48
VUT,Vanuatu,47.0,57.9,270402.00,9717.98,1.18,47.24,0.53,27.05,36.11,63.58,6.98,7.40,7.59,78.52,93.34,6.90,27.60,78.41,63.70,83.20,54.82,3014.23
VEN,Venezuela (Bolivarian Republic of),23.5,29.5,31568179.00,5949.70,2.50,35.07,0.63,5.73,17.48,31.04,0.18,4.31,6.18,92.05,91.76,13.00,16.30,95.40,92.34,97.13,89.66,10277.95
VNM,Viet Nam,30.1,39.5,94569072.00,4317.26,36.97,19.68,0.18,18.90,20.77,41.54,2.76,1.47,2.73,89.28,93.12,10.70,21.60,54.11,85.45,93.52,81.58,1951.24
YEM,Yemen,38.6,24.5,27584213.00,4540.81,1.58,33.12,0.45,15.58,52.75,21.08,0.05,3.58,30.32,59.23,67.02,28.80,55.30,385.16,51.43,69.96,48.62,954.33
ZMB,Zambia,40.5,38.2,16591390.00,7069.45,0.00,37.16,0.66,5.87,42.70,57.08,2.38,7.61,13.49,58.59,60.37,45.90,63.40,224.24,56.81,83.01,42.66,1560.83
ZWE,Zimbabwe,59.7,35.4,16150362.00,7323.40,0.00,23.29,0.34,11.75,84.02,68.05,5.40,9.68,37.70,59.84,56.34,44.70,56.40,443.31,63.33,88.69,47.57,952.68
